Rank,Name,Symbol,Markey Cap (cleaned),Circulating (cleaned),% 1h,% 24h,% 7d
1,Bitcoin,BTC,2.26E+11,18522731,1.82%,4.20%,6.71%
2,Ethereum,ETH,42836743740,113091410,2.03%,-0.12%,-1.12%
3,Tether,USDT,15918836179,15897187815,0.01%,0.06%,0.03%
4,XRP,XRP,11174176677,45248061374,0.84%,0.61%,-4.07%
5,Bitcoin Cash,BCH,4658012715,18550144,2.70%,0.47%,-1.50%
6,Binance Coin,BNB,4249782097,144406561,1.18%,-2.16%,-4.36%
7,Chainlink,LINK,4026622964,388509556,3.67%,-4.42%,-6.74%
8,Polkadot,DOT,3458099655,852647705,2.93%,1.83%,-4.53%
9,Cardano,ADA,3248541900,31112484646,1.04%,-3.80%,-4.93%
10,Litecoin,LTC,3230844321,65712140,3.90%,2.10%,-1.72%
11,Bitcoin SV,BSV,2978376818,18548589,1.27%,0.21%,-6.02%
12,USD Coin,USDC,2738178324,2737003446,0.01%,0.00%,-0.01%
13,EOS,EOS,2418011764,937072284,1.88%,-0.14%,-2.43%
14,Crypto.com Coin,CRO,2198398464,20807305936,-1.15%,-3.74%,-28.40%
15,Monero,XMR,2174169646,17731774,3.79%,-2.26%,-7.00%
16,TRON,TRX,1886194326,71659657369,1.21%,2.43%,-1.87%
17,Stellar,XLM,1734769607,20851495088,0.81%,-2.70%,9.33%
18,Tezos,XTZ,1576250707,747338314,1.26%,-5.42%,-12.59%
19,Wrapped Bitcoin,WBTC,1304154519,106786,1.90%,4.31%,6.84%
20,Neo,NEO,1230542560,70538831,1.95%,-0.65%,-0.70%
21,UNUS SED LEO,LEO,1219152657,999498893,0.23%,0.71%,2.73%
22,Cosmos,ATOM,1081056991,204663071,2.70%,-3.75%,-12.12%
23,NEM,XEM,984506436,8999999999,-0.85%,-2.60%,-11.03%
24,Huobi Token,HT,918040927,207039130,1.02%,0.84%,-5.55%
25,Dai,DAI,914406202,907506658,0.03%,0.21%,-0.30%
26,Binance USD,BUSD,805915186,805754036,-0.02%,0.00%,0.02%
27,IOTA,MIOTA,751504416,2779530283,1.42%,-0.83%,-5.29%
28,Dash,DASH,712568281,9769030,1.76%,-2.69%,2.06%
29,VeChain,VET,712294910,64315576989,1.75%,-1.90%,-3.50%
30,THETA,THETA,621967597,1000000000,1.74%,-2.00%,-16.89%
32,Zcash,ZEC,617915063,10296213,2.62%,-10.63%,-15.97%
33,Ethereum Classic,ETC,606112357,116313299,2.28%,-0.55%,-2.78%
34,Filecoin,FIL,559275109,18129862,0.25%,-5.85%,-8.03%
35,Maker,MKR,559064504,1003992,1.26%,-0.91%,0.12%
36,OMG Network,OMG,458014066,140245398,2.66%,-2.27%,-6.68%
37,UMA,UMA,449155092,55318019,-1.16%,-1.97%,-9.39%
38,Ontology,ONT,423966442,775484099,5.16%,-4.70%,-6.95%
39,yearn.finance,YFI,408125766,29968,2.68%,-2.45%,-13.52%
40,Synthetix Network Token,SNX,387015081,102898987,0.24%,1.25%,-17.10%
41,ABBC Coin,ABBC,347472186,587230742,-2.72%,1.56%,41.95%
43,TrueUSD,TUSD,332092069,331913799,-0.01%,0.03%,-0.02%
44,Dogecoin,DOGE,332043726,1.27E+11,0.44%,1.20%,-0.59%
47,Algorand,ALGO,323712071,1091509900,1.61%,-1.78%,-13.28%
48,Basic Attention Token,BAT,315219450,1484868945,1.40%,-0.34%,-2.58%
49,OKB,OKB,307922721,60000000,7.25%,11.86%,-15.69%
50,Aave,AAVE,305055882,9243288,2.41%,-4.58%,-37.01%
51,Waves,WAVES,299486942,103320550,0.71%,0.76%,15.46%
52,DigiByte,DGB,294835442,13666656130,-0.07%,-5.45%,-10.77%
53,HedgeTrade,HEDG,288182081,347992397,3.45%,1.64%,-10.92%
54,0x,ZRX,275619281,743816766,0.82%,-4.00%,-13.74%
55,Celsius,CEL,273663588,238863520,-1.51%,-5.98%,-11.01%
56,Ren,REN,264905142,884532525,2.83%,-8.92%,-16.24%
57,Paxos Standard,PAX,244701680,244951954,-0.41%,0.00%,-0.58%
58,Celo,CELO,243968020,124447717,-0.08%,-3.92%,-8.59%
59,Kusama,KSM,242099880,8470098,0.75%,-2.02%,-7.89%
60,Qtum,QTUM,213735859,97324452,1.36%,-0.30%,-5.74%
61,ICON,ICX,208842129,570466781,0.41%,-3.18%,-11.27%
62,Zilliqa,ZIL,195313023,10536461439,1.08%,-5.49%,-6.73%
63,Aave,LEND,188926075,373380206,-0.16%,6.86%,-2.60%
64,Loopring,LRC,185458945,1144730218,2.63%,-4.84%,-12.79%
65,Energy Web Token,EWT,184019000,30062138,2.16%,-4.23%,-18.13%
66,Kyber Network,KNC,177475353,198275485,1.84%,-1.17%,-9.41%
67,Hedera Hashgraph,HBAR,171450889,5631548942,0.09%,-6.61%,-11.58%
68,HUSD,HUSD,170697859,170672530,-0.02%,-0.04%,-0.05%
69,Decred,DCR,148189184,12150492,2.60%,-1.28%,1.16%
70,NXM,NXM,143532195,5466908,3.47%,-11.87%,-26.93%
71,Augur,REP,142229959,11000000,0.74%,-1.10%,-3.45%
72,Lisk,LSK,137102283,126190555,1.06%,-1.01%,-5.91%
73,Quant,QNT,134507778,12072738,-0.46%,-2.59%,0.71%
74,Bitcoin Gold,BTG,133709005,17513924,1.19%,-1.96%,-5.54%
75,Ocean Protocol,OCEAN,130111134,379543323,0.10%,-3.23%,-9.19%
76,CyberVein,CVT,129221209,1060404496,-1.36%,-1.45%,-6.64%
77,NEAR Protocol,NEAR,127595261,174876443,5.00%,-8.41%,0.00%
78,ZB Token,ZB,124580477,463288810,2.81%,4.37%,1.48%
79,The Midas Touch Gold,TMTG,123195008,5925840363,-0.99%,-1.60%,-5.24%
82,Nano,NANO,120144029,133248297,2.09%,7.08%,10.13%
83,Enjin Coin,ENJ,118711923,823130411,1.84%,-2.80%,-9.66%
84,Band Protocol,BAND,118755061,20494033,1.22%,-4.91%,-14.05%
85,Siacoin,SC,116504745,44932042992,-1.08%,-7.03%,-20.25%
87,Decentraland,MANA,107397721,1484100734,0.59%,-1.85%,-6.92%
88,Elrond,EGLD,100513277,13710605,1.24%,0.03%,-7.86%
89,Aragon,ANT,97281999,33142159,1.83%,-8.47%,-18.39%
90,Avalanche,AVAX,97714080,24500000,2.74%,-1.64%,-9.89%
91,Bitcoin Diamond,BCD,94807016,186492898,0.66%,-0.40%,-5.90%
92,Ravencoin,RVN,92295009,7298015000,0.83%,-0.70%,-5.18%
93,Reserve Rights,RSR,92188189,9349999000,3.91%,-12.84%,-4.68%
94,Golem,GNT,91000079,990670000,3.01%,-0.17%,-13.11%
95,Numeraire,NMR,90947159,3350346,1.88%,-5.67%,-12.49%
96,Arweave,AR,89981113,33394701,3.32%,-9.04%,-42.29%
97,Balancer,BAL,87754266,6943831,1.22%,-3.96%,-16.65%
98,SushiSwap,SUSHI,86830793,131579248,4.99%,-2.01%,-11.01%
99,Orchid,OXT,85959490,367584352,1.78%,-3.07%,-9.25%
100,Bytom,BTM,85393467,1381126094,0.82%,0.04%,-5.23%
101,DxChain Token,DX,85003190,50000000000,-3.27%,-2.08%,-14.61%
102,Solana,SOL,85528026,43772045,3.01%,-6.42%,-18.76%
103,Nervos Network,CKB,85100629,21099278743,0.73%,-3.99%,-14.03%
104,Swipe,SXP,84992706,76766934,0.05%,-7.06%,-12.20%
106,MonaCoin,MONA,83122554,65729675,0.63%,-0.45%,0.44%
107,Nexo,NEXO,82018638,560000011,2.03%,-4.01%,13.43%
108,Status,SNT,80972800,3470483788,1.26%,-1.26%,-7.39%
109,IOST,IOST,80519767,15223687258,1.96%,-4.38%,-11.66%
110,Ampleforth,AMPL,80406011,91460789,1.73%,-5.69%,13.59%
111,Storj,STORJ,77172190,198650514,2.77%,-0.32%,-34.28%
112,THORChain,RUNE,76848294,158432088,1.48%,-11.44%,-21.04%
113,KuCoin Shares,KCS,75793999,80728394,1.45%,1.00%,7.51%
114,Verge,XVG,72655724,16375751743,3.35%,-3.65%,-3.45%
115,DFI.Money,YFII,70354123,38596,-0.06%,-3.48%,-20.54%
116,SwissBorg,CHSB,67961186,923413697,1.62%,-0.04%,-8.27%
117,Divi,DIVI,67181383,1955812382,2.18%,-5.97%,-5.93%
118,PAX Gold,PAXG,66481260,34655,0.53%,1.18%,1.19%
120,iExec RLC,RLC,64109456,80070793,1.23%,-5.16%,-22.52%
121,Bancor,BNT,63513885,69298094,1.82%,-11.44%,-30.14%
122,Kava.io,KAVA,62607656,33485395,2.08%,-4.99%,-18.93%
123,Steem,STEEM,60956879,389380345,0.33%,0.15%,-6.37%
124,Matic Network,MATIC,60936245,3830626432,1.24%,-2.86%,-10.01%
125,Komodo,KMD,60025327,122357278,0.93%,-6.46%,-12.03%
126,Horizen,ZEN,58871347,10198500,0.55%,-2.24%,-7.93%
127,apM Coin,APM,58805549,361875000,-10.37%,-7.44%,83.34%
128,JUST,JST,58017625,2260326706,0.94%,-1.95%,-10.91%
129,Helium,HNT,57211493,51092578,1.51%,-1.95%,-16.39%
130,RSK Infrastructure Framework,RIF,56441469,656073345,0.62%,3.95%,-6.00%
131,Gnosis,GNO,56285549,1104590,1.68%,10.01%,8.62%
132,Hive,HIVE,55605281,403527662,0.58%,-0.78%,-12.25%
133,BitShares,BTS,55119944,2997460000,0.74%,-2.33%,-5.34%
134,Uquid Coin,UQC,54868254,10000000,9.49%,8.96%,9.03%
135,Electroneum,ETN,54128252,10201693115,0.52%,1.08%,-0.22%
136,Serum,SRM,54329024,50000000,1.80%,-8.91%,-18.37%
137,Chiliz,CHZ,51795582,4920737861,1.51%,-1.18%,-4.18%
138,WAX,WAXP,51586909,1370391106,0.19%,-2.12%,-7.99%
139,Velas,VLX,51122106,1411632215,-0.43%,-1.22%,-24.84%
140,Fantom,FTM,50922720,2124416531,1.53%,-4.78%,-22.47%
141,Energi,NRG,50529657,34096333,1.41%,2.49%,-6.81%
142,aelf,ELF,50106826,544480200,1.23%,-0.06%,-4.53%
143,IRISnet,IRIS,49979718,846571323,2.28%,-6.59%,-16.66%
144,Utrust,UTK,49386741,450000000,-0.53%,-11.84%,-17.92%
145,Ardor,ARDR,49252259,998999495,0.73%,0.91%,-4.47%
146,Theta Fuel,TFUEL,48196515,4962631792,0.49%,-1.23%,-2.16%
147,HyperCash,HC,47928008,44840025,1.73%,-0.11%,-4.88%
148,MCO,MCO,47761147,15793831,1.20%,-7.88%,-28.83%
149,TomoChain,TOMO,48064595,75776425,2.32%,-5.44%,-21.19%
150,Hyperion,HYN,47348101,316765917,0.07%,-15.34%,-22.00%
151,Ankr,ANKR,47263903,5829566044,3.79%,-4.73%,-0.49%
152,Unibright,UBT,46836255,148799999,2.58%,5.53%,1.27%
153,MaidSafeCoin,MAID,46099525,452552412,1.50%,-5.67%,20.57%
154,Kleros,PNK,45213971,553290265,0.46%,88.61%,44.17%
155,Wanchain,WAN,43068167,168674306,0.81%,-1.56%,-6.11%
156,MXC,MXC,42322223,2605538083,-1.03%,-5.13%,-15.67%
157,ShareToken,SHR,41837349,1946718432,1.26%,-1.88%,-8.01%
158,Zcoin,XZC,41780625,11123918,0.54%,-2.00%,-14.72%
159,GateToken,GT,39956237,78504038,1.27%,0.86%,-3.52%
160,Hxro,HXRO,39219782,181986452,1.04%,1.39%,-1.07%
161,Stratis,STRAT,39153310,100002698,0.20%,-3.78%,-15.45%
162,Handshake ,HNS,38780824,315997050,-1.21%,-6.01%,-18.09%
163,WaykiChain,WICC,37473096,189000000,1.12%,1.14%,-8.49%
164,Curve DAO Token,CRV,38206494,100903659,2.94%,-4.75%,-30.45%
165,STASIS EURO,EURS,36934316,31979207,0.46%,1.08%,-0.34%
166,Pundi X,NPXS,37212689,2.35E+11,0.73%,-1.77%,-6.97%
167,Aurora,AOA,36185037,6542330148,2.22%,0.20%,2.02%
168,Fetch.ai,FET,35856626,746113681,4.71%,-6.96%,-9.70%
169,v.systems,VSYS,35336070,2116316752,0.04%,-6.11%,-14.40%
170,xDai,STAKE,35740212,3009307,3.40%,-9.25%,-7.58%
171,Ark,ARK,35040816,124611127,0.79%,-3.24%,-9.52%
172,Aeternity,AE,34785328,323169227,1.25%,-0.51%,-7.88%
173,OriginTrail,TRAC,34252504,319784296,5.11%,2.71%,-3.84%
174,Aion,AION,34197008,468225632,0.10%,-5.12%,-16.20%
175,SOLVE,SOLVE,33961150,340651077,0.99%,-2.06%,-5.63%
176,Power Ledger,POWR,33462872,424067509,0.70%,-1.85%,-9.63%
177,DIA,DIA,33468541,28271916,1.57%,-6.84%,-25.47%
180,Streamr,DATA,30810594,694194898,0.65%,-4.42%,7.27%
181,Voyager Token,VGX,30800425,222295208,2.72%,12.40%,24.89%
182,Orbs,ORBS,30552761,2229950518,-0.85%,1.66%,4.95%
183,Elastos,ELA,30606835,17244540,-3.62%,2.84%,7.74%
184,Super Zero Protocol,SERO,30455340,293962021,-0.09%,3.05%,-17.67%
185,SingularityNET,AGI,30404824,842014150,1.78%,-5.51%,-16.60%
186,Tellor,TRB,29774699,1509452,0.93%,-9.24%,-21.59%
187,GXChain,GXC,28914172,70000000,0.72%,0.57%,-5.44%
188,IoTeX,IOTX,28576880,4823952133,0.67%,-6.38%,-14.36%
189,Wirex Token,WXT,28006538,3000500000,1.38%,-0.13%,-4.32%
190,Digitex Futures,DGTX,27862743,931035715,2.36%,0.02%,-5.08%
191,Xensor,XSR,27481817,4637982768,0.26%,0.03%,-3.87%
192,BOSAGORA,BOA,27117249,282119914,0.35%,2.40%,19.34%
193,DAD,DAD,26567871,134601733,0.04%,-5.44%,-8.41%
194,Thunder Token,TT,26478826,5887903653,0.11%,-1.08%,-4.92%
195,Switcheo,SWTH,26452562,1015886815,-0.47%,-4.77%,-14.72%
196,Melon,MLN,25974899,1492260,0.82%,-4.57%,-24.45%
197,Redd,RDD,25291971,28808713174,-8.94%,-7.70%,-5.65%
198,MX Token,MX,25356039,155671626,1.62%,-3.85%,3.04%
199,HEX,HEX,1984895952,3.77E+11,4.75%,17.52%,27.93%
200,Eterbase Utility Token,XBASE,759249016,1000000000,1.50%,1.75%,1.96%
201,Counos X,CCXX,701314931,17732405,0.01%,10.39%,12.78%
202,INO COIN,INO,477927800,180003180,3.06%,2.87%,6.96%
203,Insight Chain,INB,414855382,349902689,0.16%,-0.49%,5.72%
204,Zelwin,ZLW,333331132,51759182,-0.15%,-2.85%,-2.83%
206,renBTC,RENBTC,308411186,25453,3.20%,3.32%,5.67%
207,Homeros,HMR,292759717,345893692,1.21%,1.83%,6.03%
208,BitcoinPoS,BPS,277009482,3725289,7.11%,-9.40%,15.04%
209,IZE,IZE,265322245,4160881000,-5.74%,-9.30%,114.41%
211,Basid Coin,BASID,222996885,337488901,-0.03%,1.40%,2.65%
212,ThoreCoin,THR,205901761,86686,1.78%,4.18%,6.71%
213,Poseidon Network,QQQ,195023059,2152875408,0.84%,11.33%,116.27%
214,Largo Coin,LRG,167396668,17105873,0.02%,-0.26%,-1.66%
215,STPAY,STP,167411915,4330437,1.84%,10.23%,2.10%
216,Sologenic,SOLO,155723982,200001808,-1.05%,-0.29%,-3.38%
217,botXcoin,BOTX,153305083,1632102305,0.00%,-1.93%,-1.34%
218,Advanced Internet Blocks,AIB,139035058,24213254183,2.00%,-17.55%,185.19%
219,Doctors Coin,DRS,128412615,229741603,0.02%,-0.67%,-3.14%
220,MINDOL,MIN,118153821,170719690,0.30%,4.93%,-10.13%
221,Cryptonex,CNX,98975176,55686329,1.30%,2.61%,5.81%
222,NEST Protocol,NEST,92864811,1748764436,1.75%,-2.77%,-16.58%
223,Counos Coin,CCA,87939808,14848324,0.01%,0.00%,-0.01%
224,Beldex,BDX,81615138,980222595,1.82%,3.55%,1.04%
225,Idea Chain Coin,ICH,81250412,51252304,1.98%,7.03%,83.05%
226,TerraKRW,KRT,80079941,91650055280,0.11%,0.58%,1.00%
227,DeFiChain,DFI,77185143,377583219,0.80%,0.86%,-5.12%
228,Darma Cash,DMCH,76831752,209988375,0.17%,4.97%,-14.97%
229,Centrality,CENNZ,76124852,1181608395,1.55%,2.38%,7.78%
230,Bitball Treasure,BTRS,73903011,450000,0.01%,0.07%,-0.61%
231,Mixin,XIN,72825090,523078,0.45%,0.18%,1.18%
232,XinFin Network,XDC,70902438,12197995617,-6.87%,28.20%,26.18%
233,WhiteCoin,XWC,72105893,250183629,0.00%,0.27%,0.79%
235,NewYork Exchange,NYE,69667239,7090060,2.00%,-0.17%,-1.27%
236,Qcash,QC,69210373,460000200,0.27%,0.60%,1.19%
237,Attila,ATT,68068706,450382736,0.34%,1.39%,0.37%
238,Vitae,VITAE,65437400,19471178,2.23%,4.22%,5.90%
240,Bitcoin BEP2,BTCB,60824652,5001,-3.49%,5.93%,7.09%
241,Baer Chain,BRC,60359769,174000000,11.46%,1.64%,1.35%
242,Huobi BTC,HBTC,58817448,4810,1.90%,4.32%,6.85%
243,PlayFuel,PLF,58539763,500000000,-2.59%,-5.25%,-32.13%
244,cVault.finance,CORE,55756896,10000,0.49%,-0.95%,22.11%
246,Bitbook Gambling,BXK,54872547,357687491,2.58%,4.92%,7.54%
247,Tratin,TRAT,54657134,1.12E+11,1.84%,-16.65%,6.71%
248,MimbleWimbleCoin,MWC,52362348,10655037,-0.61%,14.75%,24.80%
249,VestChain,VEST,53416444,8420042616,5.91%,-1.50%,-0.91%
250,AXEL,AXEL,47246782,261181770,0.55%,0.74%,-3.94%
251,Tap,XTP,47009025,1231911016,-1.37%,9.20%,-2.91%
254,Neutrino USD,USDN,42168683,42393654,-0.17%,-0.06%,0.18%
255,Bankera,BNK,42047585,24618912108,1.84%,4.29%,7.52%
256,S4FE,S4F,41583666,895310762,9.29%,-8.87%,-14.37%
257,Livepeer,LPT,39788027,20739794,2.34%,-10.31%,-26.42%
258,Breezecoin,BRZE,37215723,100000000,-2.47%,3.24%,2.75%
259,Bridge Oracle,BRG,37309501,8002167205,2.69%,-34.19%,-60.47%
260,Cryptoindex.com 100,CIX100,36219900,62409480,0.01%,-2.57%,-3.05%
261,CONUN,CON,35147826,2896500643,9.48%,12.80%,-8.40%
262,1irstcoin,FST,34050857,34965944,0.40%,1.76%,21.54%
263,KARMA,KARMA,33107491,5450532381,1.84%,2882.61%,8408.52%
264,XeniosCoin,XNC,31846852,76274958,1.07%,2.30%,4.15%
265,NerveNetwork,NVT,31317882,241433806,0.62%,-0.23%,-11.84%
266,IDEX,IDEX,31158019,535752811,1.21%,-11.65%,-12.80%
268,Hellenic Coin,HNC,29758806,69848842,6.55%,38.59%,29.96%
270,RedFOX Labs,RFOX,29182658,135693433,1.86%,3.72%,5.84%
271,Rocket Pool,RPL,28892261,10279742,1.29%,6.13%,-4.92%
272,USDK,USDK,28608278,28600072,-0.07%,-0.01%,-0.14%
273,TROY,TROY,27933871,9176552190,0.92%,-3.94%,-7.83%
275,KardiaChain,KAI,27773228,1750000000,-0.09%,-6.73%,-11.55%
276,BitMax Token,BTMX,27749245,660615274,0.14%,-0.03%,-18.01%
277,Trust Wallet Token,TWT,27522192,250926200,0.19%,-2.66%,0.36%
278,Dynamic Trading Rights,DTR,27361543,1533057143,1.24%,-1.68%,-0.92%
279,Phala.Network,PHA,26131935,137000000,1.36%,13.26%,49.09%
280,Harvest Finance,FARM,26239786,87396,8.96%,12.12%,112.91%
281,Chimpion,BNANA,28675729,31727387,5.82%,-2.48%,2.10%
282,CRYPTO20,C20,25425584,40375589,-4.65%,-4.14%,-3.54%
283,TitanSwap,TITAN,25013680,53404160,-5.82%,-21.99%,33.81%
285,WOM Protocol,WOM,25243325,100007450,2.71%,-1.69%,-7.21%
286,WINk,WIN,25226627,3.14E+11,0.57%,3.24%,-0.75%
287,Secret,SCRT,23560510,56395809,-0.74%,-3.33%,-21.67%
288,Syscoin,SYS,24931248,598077896,2.00%,-1.00%,-16.62%
289,Polymath,POLY,24807434,533500099,0.64%,2.30%,-9.34%
290,Akropolis ,AKRO,24498265,1995847438,1.86%,-5.79%,-21.84%
291,Nectar,NEC,24107145,157517510,0.37%,-2.24%,2.41%
292,ExtStock Token,XT,23874614,601588625,2.06%,-0.10%,-1.10%
293,PRIZM,PZM,23782281,2236557179,-0.69%,-7.84%,-16.68%
294,ThoreNext,THX,23405465,47950305,1103.03%,> 9000%,7856.57%
295,AgaveCoin,AGVC,23397881,390619593,2.02%,1.72%,-1.34%
296,Waltonchain,WTC,23298095,69656288,-0.54%,-10.09%,-16.36%
297,The Transfer Token,TTT,23352650,26421791,-4.19%,15.79%,5.64%
298,The Sandbox,SAND,23446099,604553384,0.77%,-6.48%,-16.46%
299,Crypterium,CRPT,23169094,99427872,1.03%,-11.22%,-7.80%
300,NULS,NULS,23139774,99292955,0.49%,-4.85%,-13.30%
301,Nash Exchange,NEX,23058721,23442586,2.68%,5.38%,6.21%
302,BHEX Token,BHT,22931179,195639532,-0.09%,-8.05%,6.85%
303,Egoras,EGR,22958796,65160356358,4.30%,20.66%,-0.02%
304,sUSD,SUSD,22555422,22510653,-0.01%,-0.06%,-0.18%
305,Loki,LOKI,22535180,50809350,0.11%,0.93%,2.23%
306,Native Utility Token,NUT,22618195,982854,0.90%,0.73%,-0.55%
307,Amp,AMP,22451239,4224314276,0.90%,-3.59%,-8.67%
308,Cortex,CTXC,22213067,249938725,1.55%,1.20%,-2.21%
311,Hashgard,GARD,21961977,99144999910,0.53%,-8.72%,-17.01%
312,AdEx Network,ADX,22028506,101898579,0.10%,5.30%,10.46%
313,Bytecoin,BCN,21944822,1.84E+11,0.37%,9.88%,-13.43%
314,Travala.com,AVA,21887799,42206726,0.78%,-7.32%,-7.48%
315,WazirX,WRX,21843649,233817289,0.16%,-3.19%,-4.00%
317,Zynecoin,ZYN,21328372,22138879,1.80%,0.22%,-13.05%
318,Origin Protocol,OGN,21061405,130324844,-0.74%,-5.54%,-12.76%
319,Huobi Pool Token,HPT,20804916,5206881467,0.57%,-2.41%,-12.71%
320,PIVX,PIVX,20767419,56781166,0.10%,-1.25%,-6.31%
321,BORA,BORA,20794285,782507415,0.03%,-0.15%,0.07%
322,Haven Protocol,XHV,20541087,13741027,-0.43%,-2.68%,-23.07%
323,Massnet,MASS,20431022,86192962,1.59%,-3.04%,-28.24%
324,Request,REQ,20314350,999966001,0.32%,-9.54%,-10.24%
325,Metal,MTL,20207062,65588845,0.00%,-0.85%,-6.22%
326,Ripio Credit Network,RCN,20160548,508404746,-1.48%,-4.52%,-10.19%
327,NOIA Network,NOIA,19978786,321395830,-1.56%,-5.79%,-12.78%
328,BASIC,BASIC,19820765,2684444367,-1.22%,-0.99%,3.26%
329,Bluzelle,BLZ,19748681,246277944,3.57%,-1.15%,-29.76%
330,FunFair,FUN,19735693,6548879189,1.29%,-1.57%,-8.66%
332,Prometeus,PROM,19501784,6870000,0.15%,0.26%,-1.23%
333,Obyte,GBYTE,19448699,753681,2.11%,-7.80%,12.33%
334,Loom Network,LOOM,19536337,970520754,2.04%,-4.36%,-13.71%
335,Sora,XOR,19213845,350000,-3.69%,-3.96%,-15.85%
336,XPR,XPR,19225203,1810771882,-0.70%,0.80%,-0.39%
337,ChainX,PCX,19297801,7235800,-0.16%,-5.16%,-6.37%
338,CONTRACOIN,CTCN,19076708,22441493,0.31%,0.76%,-5.22%
340,Elamachain,ELAMA,18167164,730115375,-1.79%,-3.22%,30.70%
341,Quantstamp,QSP,18543596,713801946,2.39%,0.49%,-6.74%
342,VIDT Datalink,VIDT,18418084,49428303,-1.59%,-16.54%,-18.70%
343,AirSwap,AST,18433774,150000000,-2.88%,-6.85%,-28.39%
344,ERC20,ERC20,18455549,1126570972,-1.89%,7.80%,-1.55%
345,BitcoinHD,BHD,18417547,6083016,-1.40%,-4.45%,-13.79%
346,Dragonchain,DRGN,18416785,359942436,0.35%,-4.84%,-12.18%
347,Newscrypto,NWC,18412655,95233119,0.48%,-0.81%,-3.56%
348,Ergo,ERG,18223577,22473478,8.21%,7.52%,4.60%
349,Dent,DENT,18250468,83603941183,0.67%,-1.61%,-1.53%
350,Elitium,EUM,18157943,16691713,1.82%,7.42%,6.11%
351,Nebulas,NAS,18192996,57137994,1.14%,-0.97%,-7.79%
352,SUN,SUN,18150413,1677831,0.96%,-6.57%,-24.13%
353,Cindicator,CND,18101500,2000000005,-0.75%,-2.35%,-4.56%
354,TrustSwap,SWAP,17858522,92124513,-1.20%,-13.35%,-25.15%
355,Orion Protocol,ORN,17707884,12487600,0.16%,-9.94%,-28.07%
356,Kcash,KCASH,17684020,445499083,1.12%,0.17%,-26.26%
357,Mainframe,MFT,17678694,9386552599,4.95%,3.53%,2.38%
358,VeThor Token,VTHO,17431169,28801094026,-0.47%,-9.45%,-15.57%
359,Civic,CVC,17296367,670000000,0.38%,-1.93%,-6.18%
360,Beam,BEAM,17397047,73139800,1.28%,-2.12%,-14.09%
361,Gleec,GLEEC,17236042,12776795,1.91%,138.61%,126.11%
362,CRYPTOBUCKS,CBUCKS,17025764,3932014867,0.01%,-0.19%,3.23%
363,YF Link,YFL,16816551,50115,0.51%,-10.67%,-21.78%
364,Molecular Future,MOF,16835464,85481225,9.97%,-2.22%,-6.71%
365,Perpetual Protocol,PERP,16676593,14658764,-0.03%,-0.63%,8.61%
366,Davinci Coin,DAC,16748204,4526901499,1.62%,-3.07%,-4.24%
367,COTI,COTI,16811586,568032883,2.23%,-2.72%,-25.75%
368,SUKU,SUKU,16576476,79536126,79.44%,65.26%,-1.13%
369,YFValue,YFV,16719856,4440017,-0.36%,-10.62%,-14.41%
370,TrueChain,TRUE,16508444,79575543,0.02%,-4.20%,-11.14%
371,Bonorum,BONO,19448881,613146,47.07%,116.47%,-30.29%
372,Stakenet,XSN,16355529,107684603,0.54%,-1.85%,-2.82%
373,Buggyra Coin Zero,BCZERO,16319213,2010775988,0.30%,12.22%,5.10%
374,Celer Network,CELR,16354011,3958614878,-3.36%,-5.94%,-17.09%
375,bZx Protocol,BZRX,16374137,140610067,3.50%,-1.57%,-11.02%
376,Invictus Hyperion Fund,IHF,16190539,118013531,0.01%,-4.80%,-1.40%
377,Ignis,IGNIS,15930211,761143950,-1.49%,2.18%,-2.08%
378,SaluS,SLS,15928759,1012265,1.84%,0.00%,-1.67%
379,12Ships,TSHP,15925131,4930225699,-0.19%,-3.10%,-3.22%
380,Function X,FX,15925125,229832220,0.95%,-0.72%,-2.80%
381,Bloomzed Loyalty Club Ticket,BLCT,15571395,38000000,-0.15%,1.78%,11.25%
382,Standard Tokenization Protocol,STPT,15577802,916326558,0.73%,-2.37%,-13.41%
383,DREP,DREP,15466005,3987164299,0.57%,2.36%,-4.90%
384,StormX,STMX,15314512,7524130697,-0.43%,-0.72%,-7.78%
385,Unobtanium,UNO,15308219,202889,1.11%,1.54%,4.15%
386,Metaverse ETP,ETP,15187430,79151405,1.46%,2.35%,21.49%
387,LTO Network,LTO,15192918,243227807,1.14%,-3.22%,-5.76%
388,ARPA Chain,ARPA,14947630,865830274,-0.12%,-6.16%,-12.77%
389,Gemini Dollar,GUSD,14884465,14916113,-0.23%,-0.09%,0.15%
390,Grin,GRIN,14869587,55432140,0.64%,-0.63%,-13.83%
391,BTU Protocol,BTU,14848762,90014375,0.42%,-59.98%,-65.58%
392,Celo Dollar,CUSD,14832294,14789405,0.00%,0.92%,0.75%
393,Gas,GAS,14804631,10128375,0.69%,-1.91%,-4.93%
394,Enigma,ENG,14763867,27021899,0.51%,1.44%,-4.63%
395,B2BX,B2B,14742896,19629794,0.01%,1.98%,2.29%
396,Sport and Leisure,SNL,14634215,676171453,1.76%,-0.61%,-1.36%
397,CasinoCoin,CSC,14490809,39999676974,2.80%,-0.34%,2.65%
398,Everus,EVR,16768450,465776874,-1.29%,31.76%,-19.57%
399,BitKan,KAN,14462356,6431140650,1.10%,-1.66%,-7.68%
400,Lambda,LAMB,14485822,830212862,0.15%,-3.82%,-12.86%
401,Tachyon Protocol,IPX,14414963,266858531,-2.13%,-3.19%,-7.15%
402,Maximine Coin,MXM,14406635,1649000000,0.02%,> 9000%,> 9000%
403,Apollo Currency,APL,14434558,14685096531,2.01%,4.10%,11.03%
404,Seele-N,SEELE,14247343,699592066,7.18%,25.78%,27.03%
405,Level01,LVX,14216105,159960195,0.01%,-5.37%,-19.42%
406,Agoras Tokens,AGRS,14205306,29861810,1.32%,5.83%,2.38%
407,ZBG Token,ZT,14147804,264015942,1.61%,3.67%,5.95%
408,RChain,REV,14153845,482890386,-0.38%,13.09%,47.04%
409,Wixlar,WIX,14070871,2391973328,1.97%,7.00%,16.80%
410,CryptalDash,CRD,14019541,1000000000,0.01%,1300.96%,-89.95%
411,Cred,LBA,13982241,840410205,-1.29%,-1.45%,-1.22%
412,MediBloc,MED,13964014,2668777323,1.81%,2.91%,1.69%
413,Ecoreal Estate,ECOREAL,13959032,208919605,0.27%,0.73%,0.68%
414,Bit-Z Token,BZ,13774693,126778737,0.11%,3.21%,5.48%
415,Pirate Chain,ARRR,13720705,170466745,1.28%,1.91%,-11.04%
416,REPO,REPO,13721413,109958607,5.73%,-2.71%,38.14%
417,Contentos,COS,13719652,2118153469,-0.40%,-8.90%,-13.50%
418,BDCC Bitica COIN,BDCC,14290291,2923725,26.26%,-0.85%,16.55%
419,Vertcoin,VTC,13577808,57037447,2.00%,-0.53%,-6.08%
420,Bella Protocol,BEL,13640508,14500000,1.85%,-13.33%,-11.96%
421,Project Pai,PAI,13419893,1480129654,0.85%,-1.62%,-4.32%
422,GreenPower,GRN,13404632,3231699360,1.84%,4.18%,6.71%
423,Fusion,FSN,13363998,47147154,-0.82%,-8.40%,-2.54%
424,Zap,ZAP,13313826,236144465,1.37%,-3.63%,-13.06%
425,PLATINCOIN,PLC,13269841,5001073,0.80%,3.01%,-2.77%
426,QASH,QASH,13237176,350000000,0.41%,1.42%,4.53%
427,MiL.k,MLK,13157996,89337216,1.06%,-2.67%,-4.71%
428,PancakeSwap,CAKE,13257970,21061375,-0.70%,0.90%,-24.86%
429,MovieBloc,MBL,13140816,8560654524,1.04%,-0.02%,-5.66%
430,Groestlcoin,GRS,13076823,76137729,0.95%,0.90%,-5.28%
431,Jewel,JWL,13028842,54710245,5.07%,1.64%,-1.09%
432,AMO Coin,AMO,13011004,18121814915,-0.08%,-0.48%,0.76%
433,Karatgold Coin,KBC,12823899,4728252687,0.17%,14.00%,-13.27%
435,Chromia,CHR,12959417,443194834,0.69%,-2.68%,-7.61%
436,Venus,XVS,13256426,4227273,6.50%,-3.84%,15.05%
437,Nimiq,NIM,12768305,6762550119,-1.33%,-11.04%,-21.95%
438,Constellation,DAG,12680460,1266911931,3.67%,-3.71%,-10.65%
439,Precium,PCM,12659881,747525000,1.45%,1.58%,-14.49%
440,LATOKEN,LA,12015817,380104462,-4.44%,-4.36%,-3.56%
442,SynchroBitcoin,SNB,12563036,80779427,1.74%,3.61%,14.80%
443,Kin,KIN,12408728,1.52E+12,0.91%,84.17%,86.44%
445,BHPCoin,BHP,12328407,20177578,0.89%,1.61%,2.58%
446,MVL,MVL,12097904,9445097597,-0.21%,-1.12%,-13.70%
447,Aryacoin,AYA,11967612,160459559,-2.04%,-19.83%,296.45%
448,Aergo,AERGO,11971796,264019890,5.40%,2.24%,4.41%
449,FirstBlood,1ST,11951242,85558371,0.69%,-1.13%,2.59%
450,Quantum Resistant Ledger,QRL,12092657,72385793,10.75%,11.39%,15.36%
451,APIX,APIX,11752105,112729291,4.11%,4.62%,-1.35%
452,King DAG,KDAG,11808428,49001545,1.66%,-0.23%,-0.96%
453,Folgory Coin,FLG,11612418,17525493,1.80%,3.77%,-13.43%
454,Nexus,NXS,11566750,64671957,1.22%,-5.23%,-4.42%
455,Populous,PPT,11522855,53252246,3.34%,1.68%,-5.76%
456,Aidos Kuneen,ADK,11513963,25000000,0.21%,-6.51%,-9.89%
457,Aavegotchi,GHST,11447117,19553640,2.43%,-5.74%,-7.06%
458,CoinMetro Token,XCM,11315292,279702394,0.08%,-5.04%,-1.28%
459,USDJ,USDJ,11242031,11282582,0.39%,0.55%,-1.20%
460,VIDY,VIDY,11202328,9437935682,-0.65%,-2.62%,2.85%
461,Rakon,RKN,11176852,123655936,2.83%,25.13%,29.15%
462,LiquidApps,DAPP,11200637,693734639,1.82%,-4.47%,-16.82%
463,LBRY Credits,LBC,11130811,477342995,-2.45%,-2.34%,15.24%
464,TrustVerse,TRV,10913081,406050967,1.16%,-1.20%,-2.88%
465,Levolution,LEVL,10989994,54337587,2.68%,1.18%,6.83%
466,Factom,FCT,10719231,9428124,1.61%,5.32%,-2.88%
467,NKN,NKN,10640350,583666666,1.91%,-2.07%,-6.84%
468,DigixDAO,DGD,10718016,147139,2.07%,-0.01%,-0.81%
469,DeviantCoin,DEV,11412535,30010790,-38.49%,-16.38%,-22.30%
470,Zenon,ZNN,10641371,4645632,0.92%,4.98%,-1.35%
471,Bounce Token,BOT,10549156,26033,-0.43%,2.09%,20.59%
472,Spectre.ai Dividend Token,SXDT,10523272,82073519,1.84%,30.35%,33.51%
473,QuarkChain,QKC,10507388,2146146300,-1.38%,-2.35%,-9.78%
474,Wings,WINGS,10386285,99999994,1.38%,-7.99%,11.71%
475,Kadena,KDA,10357359,45213229,4.45%,-9.84%,-17.20%
476,Dusk Network,DUSK,10335915,273821673,2.18%,-5.70%,-22.56%
477,DMM: Governance,DMG,10339425,46316619,-0.63%,-11.87%,-25.27%
478,Anchor,ANCT,10303775,12814136,0.68%,0.01%,0.88%
479,MixMarvel,MIX,10292285,3122941032,-0.45%,1.00%,-3.89%
480,0Chain,ZCN,10271421,48400982,1.66%,-6.27%,0.27%
481,Insights Network,INSTAR,10237441,196753508,1.77%,7.50%,-4.80%
482,Tixl,MTXLT,10238193,47777,0.81%,3.34%,4.52%
483,Perlin,PERL,10173375,483139908,0.84%,-2.20%,-14.26%
484,Monolith,TKN,10064772,33812088,-0.73%,-5.52%,-14.18%
485,MAP Protocol,MAP,10180559,318474889,-4.11%,-1.35%,-4.42%
486,NEXT,NET,10170236,40491818,1.85%,6.07%,1.10%
487,BIKI,BIKI,10122788,314898567,2.28%,-0.44%,-3.36%
488,BTSE,BTSE,10048791,4354711,-0.36%,0.54%,1.70%
489,Cocos-BCX,COCOS,10065442,39326586220,-1.38%,-5.57%,-13.37%
490,Einsteinium,EMC2,9994470,220672312,0.03%,-0.01%,-5.58%
491,JustLiquidity,JUL,9974180,385630,1.87%,-5.85%,-28.96%
492,QuickX Protocol,QCX,9961920,498334428,-1.23%,-1.84%,-2.26%
493,Dimension Chain,EON,9903059,244783561,0.01%,0.07%,-0.95%
494,pNetwork,PNT,9857941,24513973,0.88%,-1.15%,-3.26%
495,AAX Token,AAB,9833909,26000005,0.01%,0.57%,-2.92%
496,SALT,SALT,9811769,80283620,0.35%,-17.89%,-37.87%
497,DiFy.Finance,YFIII,9666561,7999,-2.93%,-15.55%,-13.53%
498,BitForex Token,BF,9304801,4255695965,1.30%,-0.63%,-3.41%
499,Metadium,META,9627344,1245430304,-1.11%,-3.08%,-8.08%
500,Darwinia Network,RING,9708853,309771175,1.55%,-3.94%,-15.84%
501,Anchor Neural World,ANW,9613271,65135983,1.94%,-5.07%,-0.02%
502,Morpheus.Network,MRPH,9610441,47178310,1.68%,0.66%,5.99%
503,dForce,DF,9599001,83053500,-0.20%,-5.70%,-28.65%
504,Sentivate,SNTVT,9456741,2858034818,0.51%,-33.87%,-36.84%
505,Nxt,NXT,9522502,998999942,0.66%,-0.61%,5.59%
506,Skycoin,SKY,9513313,19000000,0.00%,0.74%,4.44%
507,Multi Channel Influencer Creater Cloud Funding Platform,MCI,9377936,411396607,-2.96%,14.14%,23.19%
508,PARSIQ,PRQ,9490410,111174223,2.03%,6.44%,-19.22%
509,ProximaX,XPX,9448923,6097456550,1.88%,3.25%,35.54%
510,IQeon,IQN,9432202,5491860,-0.25%,-0.17%,-0.74%
511,Carry,CRE,9579694,5799469081,0.35%,-0.70%,-7.80%
512,LinkEye,LET,9396121,829999000,-0.73%,-0.27%,-17.65%
513,Props Token,PROPS,9256310,200397116,3.05%,4.72%,2.39%
514,Alchemy Pay,ACH,9240381,917281168,-2.64%,-14.14%,-23.66%
515,Dune Network,DUN,9219321,387533520,2.81%,10.26%,4.41%
516,FIO Protocol,FIO,9148246,90017353,0.34%,-1.27%,-1.50%
517,The Force Protocol,FOR,9108378,311488081,0.96%,-3.59%,-18.95%
518,Atomic Wallet Coin,AWC,8926519,10603659,-4.44%,-6.17%,11.55%
519,PAC Global,PAC,9051191,12512908623,17.26%,15.13%,-9.36%
520,Content Value Network,CVNT,9319309,925000000,3.85%,5.38%,114.94%
521,NavCoin,NAV,8981715,69989167,0.90%,-0.73%,-3.65%
522,dKargo,DKA,8938594,303373350,1.94%,1.18%,-7.54%
523,Santiment Network Token,SAN,8928899,63057371,0.53%,3.36%,3.30%
524,Nexalt,XLT,8925405,16103792,1.05%,2.38%,3.99%
525,Nestree,EGG,8886388,1096189181,-0.42%,-1.92%,-7.05%
526,YAM v1,YAM,8891123,28619369,2.06%,-0.10%,-50.55%
527,Sentinel Protocol,UPP,8843999,417137682,1.29%,-0.51%,1.78%
528,Quark,QRK,8823975,266893286,4.94%,4.19%,7.11%
529,Minter Network,BIP,8642541,2845512929,2.02%,11.04%,-4.84%
530,TE-FOOD,TFD,8739594,527631952,1.90%,-3.90%,-8.71%
531,Maro,MARO,8728380,449800967,0.07%,-1.65%,-8.60%
532,Telcoin,TEL,8724393,47245810799,2.28%,-1.74%,-8.39%
533,Nuco.cloud,NCDT,8693936,6497606,1.66%,2.23%,1.42%
534,PlatonCoin,PLTC,8670941,24979402,0.25%,1.54%,20.18%
535,YEP COIN,YEP,8553386,3147695,0.74%,1.95%,3.36%
536,VNX Exchange,VNXLU,8355820,28104700,2.38%,4.75%,5.76%
537,KEY,KEY,8518316,3353937381,-6.05%,0.13%,31.41%
538,AppCoins,APPC,8507687,246203092,0.01%,4.65%,1.82%
539,Metronome,MET,8480342,11016679,0.75%,0.66%,1.50%
540,VITE,VITE,8481904,472166705,1.97%,-1.61%,-0.28%
541,Dinastycoin,DCY,8356893,1982829622,1.85%,8.34%,18.76%
542,High Performance Blockchain,HPB,8294327,73069950,-0.25%,5.89%,4.40%
543,FIBOS,FO,8271318,1061473270,-0.42%,-0.28%,-0.18%
544,Raiden Network Token,RDN,8277305,50910504,-0.12%,-10.24%,-20.32%
545,CWV Chain,CWV,8246508,3540912311,1.38%,1.51%,0.54%
546,smARTOFGIVING,AOG,8238804,73780484,-0.30%,1.66%,-0.71%
547,Blocknet,BLOCK,8142308,7200496,7.04%,10.27%,3.90%
548,Ivy,IVY,8112032,915021072,2.06%,-5.36%,0.19%
549,Streamity,STM,7993502,35987749,0.03%,0.08%,0.06%
550,TenX,PAY,7961841,146424140,3.05%,4.09%,0.79%
551,PieDAO DOUGH v2,DOUGH,7866362,4610968,1.26%,-0.61%,-1.83%
552,Observer,OBSR,7817098,2296917316,1.52%,0.57%,1.29%
553,EveryCoin ,EVY,7816146,9380000000,1.14%,-21.73%,-35.56%
554,Insolar,XNS,7810432,100000000,2.60%,-12.23%,-53.95%
555,Wagerr,WGR,7802407,195408822,1.88%,0.26%,18.10%
556,8X8 PROTOCOL,EXE,7703443,310000000,6.46%,54.84%,-59.51%
557,#MetaHash,MHC,7712837,2150636638,-2.80%,2.76%,2.50%
558,FarmaTrust,FTT,7685665,600000000,1.83%,4.18%,1.86%
559,IoT Chain,ITC,7627390,87214657,-7.10%,-14.58%,-16.11%
560,VideoCoin,VID,7617382,145923028,-0.18%,-2.18%,-28.25%
561,Measurable Data Token,MDT,7583906,657790346,-0.64%,4.92%,-10.40%
562,DMarket,DMT,7539447,56921773,-1.18%,-3.98%,-12.37%
564,DigitalNote,XDN,7491167,4868061606,-1.19%,1.09%,45.64%
565,Peculium,PCL,7470573,2039325377,1.95%,1.92%,91.26%
566,LCX,LCX,7226333,541850827,2.38%,-8.05%,-4.59%
567,Bread,BRD,7397254,88733978,-0.05%,6.27%,6.91%
568,Unitrade,TRADE,7244786,24497950,0.21%,-7.15%,5.92%
569,ROOBEE,ROOBEE,7340379,2037352748,1.22%,3.73%,13.34%
570,Arcblock,ABT,7376570,98554305,4.29%,-4.57%,-15.53%
571,Moeda Loyalty Points,MDA,7335770,19628888,2.42%,6.57%,45.83%
572,Tael,WABI,7313359,88699999,1.08%,-8.87%,-11.76%
573,FOAM,FOAM,7291153,300837601,1.52%,-21.14%,-26.33%
574,Dynamic,DYN,7288048,15137132,-5.20%,15.43%,-15.21%
575,FLETA,FLETA,7286175,1062031393,1.07%,-1.97%,-6.84%
576,PANTHEON X,XPN,7369694,125315945,0.00%,-1.42%,19.42%
577,Tokenomy,TEN,7257682,200000000,1.62%,-12.72%,-23.61%
578,Safe Haven,SHA,7228837,3005855396,0.34%,-7.59%,-14.00%
580,ZEON,ZEON,7230985,29239906267,-7.14%,10.31%,-3.29%
581,Spendcoin,SPND,7215994,2275120296,0.00%,0.25%,-7.77%
582,Gifto,GTO,7153032,770236879,-0.55%,-8.36%,-10.38%
583,Achain,ACT,7155219,973999998,0.12%,-2.99%,-12.40%
584,Keep Network,KEEP,7126232,13927481,0.17%,-7.91%,-25.91%
585,HYCON,HYC,7124297,2298800418,0.89%,-2.98%,-1.27%
586,PCHAIN,PI,7122115,813603527,2.43%,6.38%,-11.91%
587,Leverj,LEV,7098223,118090511,1.26%,10.99%,-2.94%
588,Newton,NEW,7137105,20571994592,0.81%,-8.53%,-20.58%
589,PowerPool,CVP,7122207,5000000,3.72%,-13.28%,-24.48%
590,Ferrum Network,FRM,6939181,140562627,5.77%,-7.76%,17.16%
591,Time New Bank,TNB,7016589,3634727418,0.25%,-0.27%,-6.77%
592,ILCOIN,ILC,6944033,567402487,0.84%,1.00%,4.80%
594,Valor Token,VALOR,6924693,20036000,0.15%,1.18%,-3.05%
595,Effect.AI,EFX,6952452,252168527,-2.80%,-12.91%,1.66%
596,GoChain,GO,6867917,1042459940,-0.47%,-11.77%,-21.49%
597,Sparkpoint,SRK,6849026,6399004625,0.79%,-1.77%,-9.95%
598,MIR COIN,MIR,6756198,780627481,-1.45%,-10.94%,1.59%
599,OST,OST,6810211,764165269,1.06%,-5.08%,-12.07%
600,Nexxo,NEXXO,6828038,214654884,4.38%,8.17%,9.84%
601,Universa,UTNP,6781980,3157976430,0.62%,5.58%,21.74%
602,Diamond Platform Token,DPT,6714554,1722890,0.36%,2.46%,-0.23%
603,Orient Walt,HTDF,6685542,95999962,0.88%,4.78%,5.58%
604,PumaPay,PMA,6621509,26476422231,1.32%,-13.23%,-24.65%
605,Neblio,NEBL,6578315,16508275,0.30%,-1.28%,-8.85%
606,OAX,OAX,6566600,75071494,-6.87%,29.11%,33.92%
607,Dawn Protocol,DAWN,6563393,45381257,0.06%,0.98%,-16.64%
608,Propy,PRO,6530218,70100406,1.90%,-0.33%,-3.49%
609,Aleph.im,ALEPH,6518118,56995243,0.06%,-0.16%,-12.64%
611,RMPL,RMPL,6492956,3727956,1.26%,-0.61%,-1.82%
613,TOP,TOP,6566897,5119429434,1.12%,-1.34%,-3.43%
614,Safex Token,SFT,6473848,1885974016,1.83%,1.25%,3.08%
615,DOS Network,DOS,6354987,135939017,2.76%,-9.36%,-24.99%
616,Namecoin,NMC,6367235,14736400,0.08%,5.07%,0.98%
617,BnkToTheFuture,BFT,6370751,729989999,-1.73%,5.48%,8.31%
618,Cartesi,CTSI,6335267,198403548,0.54%,-4.68%,-19.81%
619,Endor Protocol,EDR,6314860,1457282180,-0.72%,0.38%,-1.40%
620,Aeon,AEON,6170532,15831459,0.95%,4.77%,-3.87%
621,Bitcoin Rhodium,XRC,6169321,1223850,1.85%,7.81%,18.89%
622,OTOCASH,OTO,6154751,21315864,0.01%,0.00%,2.34%
624,Peercoin,PPC,6078645,26561894,1.70%,3.70%,4.99%
625,Moss Coin,MOC,5995297,367194689,-2.55%,-0.50%,-9.72%
626,Ubiq,UBQ,5986502,42609099,1.40%,-7.96%,-19.41%
627,Digix Gold Token,DGX,5986141,96990,0.61%,2.09%,1.84%
628,XYO,XYO,5966393,12844821266,2.47%,0.14%,1.91%
629,Covesting,COV,5917805,18000000,-0.97%,-3.45%,33.16%
630,LockTrip,LOC,5971456,14952163,1.74%,6.19%,-5.22%
631,Bezant,BZNT,5861165,878299993,0.42%,-5.88%,-9.08%
632,Clams,CLAM,5838937,4367623,1.84%,5.38%,-21.09%
633,Steem Dollars,SBD,5794441,5785879,0.59%,0.18%,0.55%
634,BackPacker Coin,BPC,5739874,5355540,1.84%,2.85%,5.33%
635,Everex,EVX,5715362,22700000,-1.80%,-4.05%,-3.47%
636,Emirex Token,EMRX,5716697,27008735,6.15%,28.39%,-47.56%
637,Sapphire,SAPP,5707448,327838737,0.89%,-1.52%,8.24%
638,1SG,1SG,5700373,2226069,1.86%,3.26%,4.98%
639,REVV,REVV,5678044,241450316,10.21%,17.71%,5.28%
640,NAGA,NGC,5675069,71960165,1.14%,19.73%,21.09%
641,AEN Smart Token,AENS,5653045,699020011,0.86%,3.28%,-9.26%
642,Dock,DOCK,5583054,616080458,-0.80%,-7.67%,-21.01%
643,suterusu,SUTER,5511088,1373040783,-6.62%,-6.49%,-14.32%
644,T.OS,TOSC,5544343,827310271,8.10%,-6.26%,17.24%
645,CoinEx Token,CET,5509527,708633582,-0.74%,-1.37%,-0.17%
646,InflationCoin,IFLT,5464359,44790092020,> 9000%,> 9000%,> 9000%
647,HUNT,HUNT,5434430,110357399,0.79%,-3.07%,-9.98%
648,Bitcoin 2,BTC2,5442102,17356434,-9.44%,-11.63%,-8.58%
649,SIRIN LABS Token,SRN,5425832,491820906,0.89%,-1.78%,-4.33%
650,Genesis Vision,GVT,5392065,4426883,0.39%,-4.03%,-4.06%
651,Aladdin,ADN,5344447,43807200918,1.84%,4.19%,6.71%
652,district0x,DNT,5342292,600000000,2.72%,-2.38%,-0.89%
653,Veritaseum,VERI,5336867,2149646,1.99%,4.06%,8.01%
654,PressOne,PRS,5333865,284742628,1.83%,2.78%,5.52%
656,CryptoFranc,XCHF,5255730,4726000,1.68%,0.97%,0.87%
657,Grid+,GRID,5250155,39236491,2.09%,-0.30%,-2.63%
658,Dero,DERO,5205951,10099841,0.46%,-1.10%,1.88%
659,ODEM,ODE,5056121,219110098,-7.81%,-9.34%,1.95%
660,Monero Classic,XMC,5184865,19176436,7.63%,-9.45%,96.11%
661,Pluton,PLU,5156912,852000,3.49%,-0.18%,-13.61%
662,Burst,BURST,5145072,2106896492,1.08%,-0.90%,-10.88%
665,Bibox Token,BIX,5098376,87533664,1.44%,-2.97%,-6.49%
666,Free Tool Box Coin,FTB,5026427,617711744,0.19%,-2.39%,-34.00%
667,Origo,OGO,5018339,440516809,2.41%,-2.52%,-5.96%
668,OneRoot Network,RNT,4984206,284073817,0.15%,0.19%,-9.24%
669,Po.et,POE,4982824,3141592653,-5.41%,4.17%,-9.32%
670,GameCredits,GAME,4931357,99439177,0.75%,-0.41%,-8.03%
671,Sentinel,SENT,4922544,1999969999,1.29%,5.58%,14.01%
672,Telos,TLOS,4859057,270123444,2.58%,-4.88%,1.61%
673,Zano,ZANO,4916268,10344166,2.07%,-1.96%,42.70%
674,Metrix Coin,MRX,4903785,17521976984,5.95%,0.82%,-2.08%
675,XIO,XIO,4904453,19277533,0.29%,6.43%,-9.78%
676,Beowulf,BWF,4898080,200000100,-0.28%,-3.54%,-14.49%
677,Lamden,TAU,4901653,142215728,1.22%,-0.18%,-24.86%
678,MOAC,MOAC,4892632,62463334,1.71%,1.15%,-8.73%
679,WeShow Token,WET,4863384,463851903,-0.25%,-2.38%,-14.66%
680,USDQ,USDQ,5071493,5524298,1.57%,-4.22%,-12.42%
681,Electra,ECA,4837002,28713595721,1.60%,4.72%,-2.21%
682,JD Coin,JDC,4826453,38410031,2.73%,13.58%,10.55%
683,Swerve,SWRV,4805129,7794643,-2.92%,-1.85%,-17.65%
684,Eminer,EM,4815720,1362156249,0.17%,-5.64%,-15.23%
685,Lition,LIT,4708197,35542029,-1.33%,-4.22%,6.11%
686,SmartCash,SMART,4799259,1413859298,1.89%,2.56%,0.68%
687,DEAPcoin,DEP,4788591,882771017,4.46%,2.70%,-7.76%
688,Waves Enterprise,WEST,4733677,38746551,1.82%,-10.51%,-2.26%
689,Anyswap,ANY,4728489,8747261,-2.38%,-9.84%,-11.12%
690,RSK Smart Bitcoin,RBTC,4716200,377,0.41%,3.17%,-0.50%
691,SaTT,SATT,4684743,3013952680,-0.14%,-11.42%,-15.77%
692,UniLayer,LAYER,4663730,17214001,0.37%,-1.35%,-18.53%
693,Krios,GIG,4671287,499994072,2.06%,12.28%,11.14%
694,TokenClub,TCT,4651280,692992169,1.26%,-7.81%,-14.17%
695,Crust,CRU,4628011,998613,-0.82%,-6.15%,-37.40%
696,Polybius,PLBT,4643058,3969565,2.27%,1.35%,-16.67%
697,Global Digital Content,GDC,4619571,3209198933,-6.27%,-48.52%,199.78%
698,Cashaa,CAS,4616863,586624991,-18.28%,-18.08%,-56.83%
699,Game.com,GTC,4609845,761444190,0.60%,-2.14%,-11.80%
700,Genaro Network,GNX,4593196,258934740,0.74%,-3.19%,-26.12%
701,POA,POA,4590216,280623579,0.46%,-6.53%,-18.10%
702,Ruff,RUFF,4571315,980500000,-0.09%,-4.98%,-8.40%
703,Particl,PART,4555556,9572340,1.90%,4.12%,2.32%
704,SakeToken,SAKE,4543450,59643599,1.26%,-0.61%,-1.82%
705,FLO,FLO,4535159,152351008,3.11%,5.92%,1.04%
706,Realio Network,RIO,4397805,6489457,2.72%,-7.53%,-18.28%
707,Capricoin+,CPS,4512299,228310344,1.84%,-17.67%,-22.82%
708,INT,INT,4501879,449560377,3.11%,-3.78%,-13.76%
709,ShipChain,SHIP,4500515,478598260,2.30%,123.18%,-21.95%
710,BLOCKv,VEE,4506502,2989942418,-0.08%,-7.76%,4.33%
711,Robonomics.network,XRT,4481552,696708,-2.95%,-10.66%,-27.80%
712,Dragon Coins,DRG,4468527,348657484,2.02%,-6.43%,-33.27%
713,WePower,WPR,4450511,674917907,0.36%,-5.55%,-14.99%
714,Aragon Court,ANJ,4435707,122645461,1.24%,-0.02%,-16.85%
715,HyperDAO,HDAO,4430072,380576175,0.18%,-7.20%,-20.52%
716,Ormeus Ecosystem,ECO,4402157,2230453136,-0.25%,8.07%,-16.69%
717,Mithril,MITH,4426008,913756231,0.83%,-3.15%,-11.85%
718,DistX,DISTX,4384090,32148833,1.81%,-7.30%,-17.08%
719,VNDC,VNDC,4389182,1.02E+11,1.19%,1.20%,-1.50%
720,SwftCoin,SWFTC,4363648,4004999999,0.78%,-0.87%,-4.71%
722,ChronoCoin,CRN,4130253,2221053119,-4.56%,-4.51%,-79.16%
724,Polis,POLIS,4309874,9831891,1.33%,4.50%,0.27%
726,Playgroundz,IOG,4285343,28545120,-6.25%,48.81%,-24.99%
727,bitCNY,BITCNY,4263389,28245600,-0.03%,0.34%,1.55%
728,United Traders Token,UTT,4258792,37508999,2.00%,10.42%,21.25%
729,DEXTools,DEXT,4335947,89034332,1.96%,5.40%,-0.89%
730,qiibee,QBX,4216698,785529689,1.84%,6.61%,20.39%
732,Neumark,NEU,4175333,36542698,0.06%,-3.84%,-7.23%
734,GHOST,GHOST,4178555,14561770,0.17%,-1.75%,5.13%
735,Hashshare,HSS,4155337,102590476,0.64%,-0.16%,0.96%
736,Cloudbric,CLB,4073218,561056282,0.22%,2.74%,5.18%
738,Kambria,KAT,4020645,2187206123,-1.69%,-21.74%,-8.80%
739,Morpheus Labs,MITX,3936068,392665500,-0.80%,-4.60%,-23.54%
740,SmartMesh,SMT,4089348,1340519343,0.84%,-2.13%,-8.66%
741,ECC,ECC,4066643,25000000000,1.84%,38.92%,-28.86%
743,RING X PLATFORM,RINGX,4034357,74816059,2.07%,-6.97%,-8.24%
745,DDKoin,DDK,4019403,1710000,-0.54%,1.83%,-6.33%
746,XMax,XMX,4031666,14880209413,0.40%,0.73%,-8.72%
747,Viacoin,VIA,3997072,23171486,1.10%,-6.50%,-7.20%
748,Bitcore,BTX,3963482,17938342,2.16%,2.68%,10.91%
749,Hakka.Finance,HAKKA,3983216,103105635,0.79%,-7.77%,-24.56%
750,Cream Finance,CREAM,3948787,149928,1.91%,-16.16%,-31.74%
751,DigitalBits,XDB,3907637,383409924,-0.14%,-2.95%,-16.43%
753,PolySwarm,NCT,3905368,1546457130,-8.74%,-2.25%,76.08%
754,Frontier,FRONT,3847004,10145007,-3.48%,-13.03%,-15.74%
755,Meta,MTA,3877031,3422051,-0.83%,-12.00%,-57.60%
756,Agrocoin,AGRO,3792467,121944271,0.00%,0.00%,0.00%
757,Phore,PHR,3731346,22390463,2.73%,-0.93%,10.22%
758,BitMart Token,BMX,3776854,171676755,2.16%,2.72%,1.42%
759,Qubitica,QBIT,2762417,808675,1.84%,63.74%,-53.63%
760,Egretia,EGT,3743808,4218701582,1.35%,-6.53%,-2.10%
761,AIDUS TOKEN,AIDUS,3865228,437852797,3.50%,10.93%,16.52%
763,QLC Chain,QLC,3717131,240000000,1.28%,-5.57%,-25.30%
764,Flow Protocol,FLOW,3688918,7889862,0.01%,0.07%,0.03%
765,MediShares,MDS,3683206,1199999624,2.76%,-0.58%,-16.11%
767,Wing,WING,3710000,250000,0.65%,-9.34%,-20.96%
768,DATA,DTA,3672481,11499993344,1.00%,-5.77%,-9.86%
769,Jibrel Network,JNT,3672493,169843069,5.78%,11.39%,-9.84%
770,SpaceChain,SPC,3665060,514923520,1.84%,-18.79%,19.57%
771,Pillar,PLR,3619628,259348201,1.52%,1.09%,-7.00%
772,Sense,SENSE,3652079,804604320,16.51%,7.68%,-6.94%
773,Ethereum Meta,ETHM,3600077,50010379198,2.06%,-0.78%,34.12%
774,ZrCoin,ZRC,3605107,4988893,1.63%,3.57%,2.17%
775,VeriBlock,VBK,3582077,667305895,6.69%,1.87%,42.28%
777,MicroBitcoin,MBC,3576031,1.89E+11,2.06%,-0.10%,-1.10%
778,Blox,CDT,3543843,674579184,0.02%,-6.57%,-20.85%
780,GlobalBoost-Y,BSTY,3525721,17950579,-11.64%,-15.67%,266.98%
781,UnlimitedIP,UIP,3501668,1327878350,-0.39%,-2.26%,-14.85%
782,GridCoin,GRC,3487296,408350850,1.84%,4.64%,8.73%
783,inSure,SURE,3473534,3553989974,1.84%,-38.46%,-35.81%
784,SONM,SNM,3465804,359600000,-0.68%,-4.29%,-5.28%
785,Gulden,NLG,3440891,524784093,-0.01%,-6.83%,-14.40%
786,SENSO,SENSO,3426050,12241334,-0.30%,-0.25%,11.83%
787,Nucleus Vision,NCASH,3416627,7017757766,-2.89%,-2.60%,-8.62%
788,Circuits of Value,COVAL,3415980,1000000000,1.84%,-5.90%,-23.39%
790,Credits,CS,3380398,249368300,1.52%,3.30%,14.40%
792,TEMCO,TEMCO,3338786,3264225050,2.65%,0.67%,-6.05%
793,CUTcoin,CUT,3365122,117375244,1.84%,0.35%,15.40%
794,SymVerse,SYM,3355010,66969061,2.06%,-0.47%,1.88%
795,Airbloc,ABL,3205645,252376419,-4.25%,-4.24%,3.84%
797,Raven Protocol,RAVEN,3339940,4343079499,13.98%,7.55%,6.87%
798,BIZZCOIN,BIZZ,3309598,3800330,0.33%,-1.39%,-2.03%
799,Idena,IDNA,3286373,32236977,1.24%,2.04%,-8.40%
800,SunContract,SNC,3307307,122707503,0.01%,0.77%,0.86%
801,Flash,FLASH,3293981,900000000,1.84%,-2.33%,3.27%
802,Tierion,TNT,3290369,428481269,1.98%,-0.65%,-1.74%
803,Robotina,ROX,3290087,304947473,1.72%,9.78%,9.20%
804,SingularDTV,SNGLS,3284761,600000000,3.59%,-10.03%,-15.75%
805,EURBASE,EBASE,3281182,2884334,1.43%,5.06%,7.41%
806,INLOCK,ILK,3288555,1256159480,2.06%,0.44%,-4.77%
807,Zel,ZEL,3247257,115419375,1.14%,1.50%,-3.23%
808,VIBE,VIBE,3205385,260136427,1.84%,-5.20%,-15.13%
809,TronEuropeRewardCoin,TERC,3244599,204313578,1.26%,-1.45%,-9.64%
810,YOYOW,YOYOW,3188690,485846321,-0.46%,-10.18%,-20.21%
811,LINKA,LINKA,3199055,694150020,1.61%,-0.79%,15.17%
812,UCA Coin,UCA,3275168,1536798955,27.12%,19.84%,106.79%
813,Lykke,LKK,3194410,316809739,0.02%,-4.89%,-2.77%
814,DAOstack,GEN,3367489,46832939,-18.86%,-36.52%,-20.65%
815,BlackCoin,BLK,3247992,60257178,-15.95%,-17.57%,-56.73%
816,U Network,UUU,3158968,6994600000,-0.21%,-5.19%,-10.11%
818,XTRABYTES,XBY,3142277,430000000,1.84%,0.66%,-1.16%
819,Earneo,RNO,3144269,254552776,2.93%,7.64%,9.13%
820,ColossusXT,COLX,3139925,12361558271,1.26%,-1.96%,-14.04%
821,EXMO Coin,EXM,3072613,713563585,-3.14%,-2.74%,6.54%
822,YOU COIN,YOU,3118620,556120198,-2.76%,4.16%,-7.86%
824,Counterparty,XCP,3105897,2615258,-5.18%,-5.76%,-3.75%
825,BaaSid,BAAS,3093336,5000000000,0.08%,-12.67%,-11.49%
827,Wowbit,WWB,3083871,277777778,1.84%,4.19%,6.71%
828,Kryll,KRL,3081368,30000443,1.74%,2.52%,0.43%
829,NIX,NIX,3074487,47367900,10.96%,-12.27%,-3.55%
830,Dentacoin,DCN,3083797,6.97E+11,4.91%,1.34%,-10.04%
831,Refereum,RFR,3060031,4999180100,0.02%,-4.05%,3.33%
832,MarketPeak,PEAK,3049376,15905712,-0.15%,0.72%,19.04%
833,Apex,CPX,3132804,517390718,2.00%,0.23%,-22.45%
834,Acute Angle Cloud,AAC,3043796,250000000,0.95%,-1.70%,-11.31%
835,MintCoin,MINT,3043548,24947260808,1.84%,4.19%,33.39%
836,DEX,DEX,3037173,191542291,1.85%,0.34%,-36.02%
837,Hydro Protocol,HOT,3030571,702000000,-6.38%,-8.91%,-26.25%
838,Atlas Protocol,ATP,3002305,2576066703,0.89%,-2.68%,-11.69%
839,Cryptopay,CPAY,3002764,68372364,2.06%,-11.92%,14.64%
840,YFDAI.FINANCE,YF-DAI,2989275,5745,1.28%,-1.21%,-17.28%
841,Tidex Token,TDX,2967418,9504980,1.84%,99.63%,3.67%
842,DeFinition,DZI,2964129,2333767,-1.68%,-2.32%,117.90%
843,Burger money,BURGER,2949876,5391812,1.26%,-0.61%,-1.82%
844,ZIMBOCASH,ZASH,2946957,1134374175,0.18%,0.82%,1.36%
845,Diamond,DMD,2954297,3536776,-1.53%,-16.68%,-8.04%
846,EDUCare,EKT,2938700,724297908,-1.24%,-5.09%,-21.32%
847,Minereum,MNE,2926418,10352688,1.27%,0.04%,-14.71%
848,Agrello,DLT,2906114,87906739,0.38%,-0.39%,-5.91%
849,SpankChain,SPANK,2870726,300043386,5.42%,6.31%,-13.26%
850,GoCrypto Token,GOC,2862562,203327910,2.06%,-0.26%,-16.55%
851,Spartan Protocol,SPARTA,2867314,40861436,0.76%,-1.23%,-17.12%
852,Rotharium,RTH,2819082,3357270,1.70%,2.67%,1.43%
853,GAPS,GAP,2679409,10000000,-3.50%,-2.59%,-10.94%
854,Abyss,ABYSS,2824121,228614892,0.43%,-3.76%,-15.90%
855,NextDAO,NAX,2780375,1487605540,1.26%,-0.77%,-5.99%
856,Eureka Coin,ERK,2753983,66475033,1.36%,-6.24%,-10.70%
858,Viberate,VIB,2729370,193779794,1.45%,-5.82%,-18.43%
859,CACHE Gold,CGT,2731925,44145,0.34%,1.24%,1.63%
860,Rapidz,RPZX,2724620,1717254284,1.06%,-6.39%,1.36%
861,Rupiah Token,IDRT,2716259,39774146176,0.04%,0.30%,-0.08%
862,Olive,OLE,2703575,277007242,1.84%,4.19%,6.71%
863,Mobius,MOBI,2694364,515082884,-0.18%,-12.48%,-16.45%
864,EOSDT,EOSDT,2691718,2642505,1.82%,2.42%,2.48%
865,NaPoleonX,NPX,2678949,24320139,0.01%,0.07%,-31.53%
866,42-coin,42,2676760,42,2.39%,65.91%,18.61%
867,Monetha,MTH,2609649,402400000,-2.98%,-6.00%,-10.28%
868,Xiotri,XIOT,2630208,4418,2.16%,-12.37%,-25.78%
869,Databroker,DTX,2648017,75970213,6.80%,0.19%,37.02%
870,Mcashchain,MCASH,2610451,998327161,1.20%,32.78%,3.29%
871,LikeCoin,LIKE,2615772,342591165,-1.89%,0.80%,-10.73%
872,HitChain,HIT,2598856,61440000000,-0.67%,-5.72%,1.18%
873,DAPS Coin,DAPS,2604987,57977796500,0.08%,-6.86%,-20.00%
874,Presearch,PRE,2597600,172742424,0.38%,0.73%,-0.56%
875,Qitmeer,PMEER,2586149,85581490,1.87%,1.54%,3.80%
876,Trade Token X,TIOX,2575471,85223647,1.91%,2.74%,23.45%
877,Amoveo,VEO,2573537,68033,1.84%,23.43%,64.62%
878,TERA,TERA,2531451,844711128,0.50%,4.76%,8.79%
879,Tripio,TRIO,2553301,3750000000,3.04%,1.56%,-4.20%
880,Merculet,MVP,2564423,4268447947,1.59%,-8.52%,-18.29%
881,NuBits,USNBT,2534685,10981667,1.83%,22.38%,-9.05%
882,VNT Chain,VNT,2512763,2717613095,-1.76%,-1.66%,-12.76%
883,xBTC,xBTC,2508208,5906185,0.88%,-6.30%,-30.80%
884,Fatcoin,FAT,2508662,122655308,1.16%,1.45%,5.82%
885,Sapien,SPN,2492067,220657460,2.06%,-0.10%,113.26%
886,Cardstack,CARD,2479056,2357982917,3.78%,0.86%,11.24%
887,BlockStamp,BST,2471248,26559337,1.84%,38.43%,-28.69%
889,eBitcoin,EBTC,2469929,18897126,2.06%,-0.10%,-1.10%
890,ScPrime,SCP,2446926,27591317,-8.10%,-13.40%,-2.92%
891,PIBBLE,PIB,2444347,16320690000,0.14%,-0.65%,-3.49%
892,ZVCHAIN,ZVC,2441269,903582587,0.01%,0.07%,0.04%
893,Compendia,BIND,2438461,102500000,1.84%,-27.18%,-26.99%
894,Zipper,ZIP,2434750,16199999812,1.29%,-0.04%,-0.68%
895,Xaurum,XAUR,2430563,71186297,2.82%,-10.46%,-8.66%
896,NPCoin,NPC,2413250,72457335,8.18%,-1.92%,-3.85%
897,CommerceBlock,CBT,2396463,174866686,6.52%,5.59%,15.48%
898,ODUWA,OWC,2390220,4188884,18.13%,32.68%,-17.31%
899,Blue Whale EXchange,BWX,2104009,43634693,-9.94%,-11.95%,17.47%
900,Hydro,HYDRO,2367130,11046612734,1.61%,-2.43%,-0.16%
901,Global Social Chain,GSC,2378320,572806486,2.41%,3.57%,2.19%
902,UGAS,UGAS,2367830,171719420,1.58%,0.31%,3.00%
903,Hubii Network,HBT,2352636,15485602,2.06%,-19.88%,-27.61%
904,Blackmoon,BMC,2342020,54000000,1.84%,8.87%,-0.83%
905,Edge,DADI,2333252,100000000,0.01%,-22.28%,-45.80%
906,LUKSO,LYXe,2346111,3803994,3.51%,-7.01%,-9.14%
907,CryptoPing,PING,2325456,8999635,1.84%,3.79%,3.77%
908,Red Pulse Phoenix,PHX,2325280,829588687,2.09%,1.79%,-10.96%
909,BitCapitalVendor,BCV,2324805,976399995,2.12%,-0.04%,-7.47%
910,ONOToken,ONOT,2316946,17942419249,0.22%,-66.10%,-87.56%
911,Growth DeFi,GRO,2312138,103565,1.39%,-3.19%,0.27%
912,Mysterium,MYST,2313732,15100432,0.53%,0.01%,-23.81%
914,Rarible,RARI,2273252,855330,0.15%,-10.25%,-37.39%
915,Myriad,XMY,2282260,1754489000,8.74%,-6.80%,2.11%
916,Noku,NOKU,2272573,29733709,2.55%,-0.69%,0.85%
917,Verasity,VRA,2267906,3880889139,1.19%,0.23%,-14.96%
918,Matrix AI Network,MAN,2248962,214302042,11.47%,1.95%,25.80%
919,Esportbits,HLT,2235412,23013360,-1.01%,-0.95%,-3.93%
920,ALQO,XLQ,2256254,64664324,-8.98%,2.05%,17.38%
921,Alias,ALIAS,2251056,26245632,1.84%,9.11%,-5.63%
923,DECOIN,DTEP,2285909,53716686,5.35%,11.20%,21.82%
924,Rotten,ROT,2208765,24279610,1.26%,-0.61%,-1.82%
926,Skrumble Network,SKM,2198135,1021680996,0.82%,-3.81%,-16.91%
927,Hiveterminal Token,HVN,2204364,500000000,1.95%,7.25%,1.34%
928,OctoFi,OCTO,2199390,344553,-7.02%,-30.52%,-23.26%
929,DeepBrain Chain,DBC,2173237,3200000000,1.74%,-5.39%,4.61%
930,SIX,SIX,2168145,273776596,0.10%,0.50%,7.34%
931,BOLT,BOLT,2194564,991283100,2.89%,-5.23%,-14.17%
932,IG Gold,IGG,2157383,8856541707,1.26%,2.49%,-1.82%
933,Shift,SHIFT,2145212,13860686,-0.21%,0.13%,1.79%
934,LNX Protocol,LNX,2113683,271607626,0.00%,0.00%,0.00%
935,JUIICE,JUI,2114405,6600000100,1.58%,-2.94%,424.63%
936,Permission Coin,ASK,2114452,4110077464,0.66%,2.47%,-1.08%
937,THEKEY,TKY,2110387,6210789109,2.80%,-5.96%,-19.67%
938,Credo,CREDO,2081253,549891703,2.06%,-0.10%,-1.10%
939,Vexanium,VEX,2066589,703869976,0.24%,-1.44%,-6.41%
940,Digital Asset Guarantee Token,DAGT,2067906,33100000,16.49%,6.73%,14.61%
941,Auctus,AUC,2051554,30967682,2.10%,-10.12%,-30.18%
942,Bitcoin Atom,BCA,2022387,18418931,-7.42%,3.50%,-5.19%
943,Stealth,XST,2010470,37312813,1.87%,1.59%,-8.47%
944,LiteDoge,LDOGE,2003543,16422580992,1.84%,4.19%,6.71%
945,Education Ecosystem,LEDU,1983368,222459521,2.04%,56.90%,35.77%
946,Voise,VOISE,1977051,549336806,1.84%,4.19%,6.71%
947,Lynx,LYNX,1949946,76970317808,2.42%,3.68%,4.42%
949,VIG,VIG,1948838,686365767,-1.40%,-20.95%,-34.24%
950,Midas,MIDAS,1930187,1344804,1.84%,2.77%,0.79%
951,Dimecoin,DIME,1925917,4.78E+11,1.87%,12.28%,-35.23%
952,Curecoin,CURE,1924216,24711001,-2.21%,-0.09%,8.08%
953,Budbo,BUBO,1921548,82033777,1.84%,1.54%,-33.69%
954,Ambrosus,AMB,1912916,128774303,-0.94%,-3.99%,-18.57%
955,Swarm,SWM,1911699,78189670,-1.09%,2.36%,2.34%
957,QunQun,QUN,1907379,729777775,0.79%,1.63%,-1.10%
958,AMLT,AMLT,1899431,250536851,3.40%,8.57%,11.28%
959,Blockmason Credit Protocol,BCPT,1898952,116158667,-1.11%,-3.06%,-10.07%
960,General Attention Currency,XAC,1890989,10000000,1.84%,-75.64%,-75.78%
961,Carboncoin,CARBON,1877816,15392022544,1.84%,4.19%,6.71%
962,Caspian,CSP,1877390,449036296,1.44%,2.59%,-10.96%
963,Blockchain Certified Data Token,BCDT,1863459,37835044,2.06%,-0.10%,-17.51%
964,DAOBet,BET,1853445,167270821,2.51%,-1.49%,1.26%
965,Cube,AUTO,1853691,6774940000,106.70%,-2.57%,-12.94%
966,Feathercoin,FTC,1849257,295273240,1.11%,0.93%,-12.88%
967,FinNexus,FNX,1842793,13069864,0.15%,-4.54%,-13.70%
968,Radium,RADS,1838017,4136597,1.24%,1.26%,-15.59%
969,Unikoin Gold,UKG,1833653,149397371,1.85%,3.94%,6.25%
970,Asch,XAS,1820880,93355331,3.35%,4.59%,-36.91%
971,OneLedger,OLT,1846012,433138946,1.20%,3.67%,20.68%
972,1World,1WO,1877027,24656341,6.80%,-1.05%,-2.65%
973,HTMLCOIN,HTML,1828272,53067332240,0.32%,1.35%,0.44%
974,Cryptaur,CPT,1820023,12910321437,1.76%,-1.49%,2.93%
975,Nyzo,NYZO,1818572,11919651,0.58%,3.45%,-2.08%
976,Axis DeFi,AXIS,1763769,2084401,-0.61%,6.22%,0.26%
977,Winding Tree,LIF,1803628,21639227,2.06%,-0.10%,-14.67%
978,Skychain,SKCH,1798096,7485311,1.94%,2.93%,0.10%
979,Loopring [NEO],LRN,1797432,113602931,-7.05%,-7.54%,-15.02%
980,Vid,VI,1795907,15422563,0.19%,-0.03%,-0.24%
981,Remme,REM,1788779,1000000000,0.26%,-3.37%,-9.42%
982,EOS Force,EOSC,1782390,964070125,2.73%,-13.26%,1.79%
983,OceanEx Token,OCE,1841558,1788038022,1.19%,-13.19%,-16.22%
984,HoryouToken,HYT,1774478,1089467817,1.99%,1.30%,288.16%
985,Colu Local Network,CLN,1775304,99826836,2.06%,-0.10%,-1.10%
986,Pantos,PAN,1766060,30650607,0.66%,10.94%,16.19%
987,TRONCLASSIC,TRXC,1762120,4.65E+11,2.06%,-0.10%,-1.10%
988,NoLimitCoin,NLC2,1758370,618208181,1.84%,-8.89%,-2.82%
989,Lightstreams,PHT,1753860,45928016,2.13%,0.34%,0.81%
990,Coineal Token,NEAL,1747084,260123561,0.70%,3.72%,8.58%
991,Jarvis Network,JRT,1743752,29005880,1.00%,-6.91%,-16.56%
992,Litex,LXT,1737240,1152999987,-0.65%,-5.38%,-3.94%
993,Freyrchain,FREC,1738637,500000000,0.09%,0.58%,1.01%
994,BakeryToken,BAKE,1738594,68784286,-3.63%,-1.37%,16.20%
995,Tokes,TKS,1720622,199999574,-0.27%,3.71%,8.54%
996,BitTube,TUBE,1714337,287996656,3.76%,-8.78%,-1.40%
997,Crown,CRW,1708967,25764404,1.91%,3.06%,-13.44%
998,Pundi X NEM,NPXSXEM,1721320,18432882455,3.10%,2.84%,10.58%
1001,Cryptocean,CRON,1693949,8194301,1.35%,5.72%,6.47%
1002,UniLend,UFT,1683488,10800000,12.51%,-7.83%,0.00%
1003,Trias,TRY,1665567,2300000000,-1.13%,0.41%,-12.64%
1004,Odyssey,OCN,1660920,6617297215,0.63%,-0.83%,-10.62%
1005,WPP TOKEN,WPP,1659971,1392904509,1.55%,-6.52%,-28.58%
1006,Waves Community Token,WCT,1656744,9999960,1.86%,4.17%,-19.49%
1007,NuShares,NSR,1652630,4806007873,1.86%,11.23%,-3.08%
1008,Kuai Token,KT,1653989,10933484,0.23%,0.22%,0.97%
1009,NOW Token,NOW,1643163,79694980,1.31%,-18.92%,28.00%
1010,Fesschain,FESS,1651765,105083256,-5.47%,-11.39%,98.07%
1011,BarterTrade,BART,1623864,68172420,-1.86%,0.30%,-13.32%
1012,Change,CAG,1628909,19673647,1.40%,-2.50%,-5.69%
1013,BUX Platform Token,BPT,1624798,57904773,1.84%,2.84%,-4.13%
1014,BIDR,BIDR,1624850,23700000000,0.57%,0.74%,-0.05%
1015,Emercoin,EMC,1620487,46383524,1.78%,4.68%,3.42%
1016,Tokoin,TOKO,1664631,178664008,3.13%,4.31%,3.31%
1017,Litecoin Cash,LCC,1607668,695395575,2.01%,-10.85%,-24.95%
1018,Swace,SWACE,1607351,513292589,1.26%,2.68%,-5.89%
1019,Swingby,SWINGBY,1601653,31337755,-0.91%,-0.67%,-43.34%
1020,Ravencoin Classic,RVC,1693889,7275610000,7.29%,8.83%,-34.11%
1021,Naka Bodhi Token,NBOT,1595487,70000000,0.81%,-0.49%,-9.96%
1022,CoTrader,COT,1596320,18886520618,1.22%,-0.28%,-8.17%
1023,Lympo,LYM,1594464,826672979,0.58%,-1.34%,-10.20%
1024,Bismuth,BIS,1592366,13738963,2.49%,0.97%,-9.23%
1025,Sharder,SS,1578523,283282765,2.26%,-1.79%,-1.34%
1026,Iconic Token,ICNQ,1577787,7993335,2.06%,-0.10%,-6.30%
1027,Hyprr (Howdoo),UDOO,1576104,97821309,1.59%,-2.19%,-52.39%
1028,CanonChain,CZR,1544053,582212719,2.06%,-8.35%,-17.31%
1029,carVertical,CV,1541501,7625478192,0.74%,-1.05%,2.17%
1030,Constant,CONST,1536855,50706,2.06%,-0.10%,-1.12%
1031,Rubycoin,RBY,1511949,27601562,1.84%,4.19%,-25.72%
1032,TrueFlip,TFL,1493821,6247267,1.86%,3.65%,9.84%
1033,WeOwn,CHX,1485397,99719012,3.28%,1.83%,1.55%
1034,Ulord,UT,1446409,74536667,-0.07%,-12.37%,-8.78%
1035,Omni,OMNI,1485400,562763,0.00%,-1.08%,-0.75%
1036,Humanscape,HUM,1371343,472929925,-2.27%,0.42%,-10.10%
1037,CanYaCoin,CAN,1482830,95826983,-22.76%,-25.34%,0.55%
1038,OKCash,OK,1476440,77253007,0.22%,-4.87%,-2.96%
1039,ProChain,PRA,1461537,50000000,0.01%,0.07%,2.32%
1040,VeriDocGlobal,VDG,1451167,8705270469,6.92%,-0.10%,6.11%
1041,Internxt,INXT,1448772,629610,3.47%,11.84%,4.80%
1042,Terracoin,TRC,1447271,22935396,1.88%,4.29%,5.87%
1043,Titan Coin,TTN,1444552,910820150,1.84%,4.97%,-0.91%
1044,BOX Token,BOX,1438077,99776753,1.86%,0.53%,5.68%
1045,Parachute,PAR,1436443,569004587,3.60%,-31.47%,-24.76%
1046,EchoLink,EKO,1430134,500000000,2.52%,-0.07%,18.32%
1047,PegNet,PEG,1425693,1932472596,1.59%,4.92%,4.22%
1048,DAEX,DAX,1416540,354666702,-1.39%,-4.96%,-6.44%
1049,ZClassic,ZCL,1416325,9000111,3.06%,-9.45%,-17.34%
1050,BABB,BAX,1410626,36781211915,-6.41%,-26.56%,-2.44%
1051,CEEK VR,CEEK,1410940,603653460,-0.04%,1.53%,-5.76%
1052,Bean Cash,BITB,1409913,3852245000,1.84%,4.19%,6.71%
1053,Polyient Games Governance Token,PGT,1411174,15218,1.03%,-11.27%,-36.42%
1054,HOLD,HOLD,1404583,704821305,2.06%,-0.10%,73.37%
1055,MB8 Coin,MB8,1401477,161796931,1.84%,8.78%,76.20%
1056,e-Gulden,EFL,1400365,17143907,1.85%,-3.08%,9.17%
1057,YEE,YEE,1400341,1365218125,-2.55%,-6.94%,-22.95%
1058,Connectome,CNTM,1397004,1210675,0.45%,8.32%,-0.47%
1059,EXRNchain,EXRN,1391282,92500000000,2.06%,39.65%,17.82%
1060,SyncFab,MFG,1389351,249040956,0.87%,-0.13%,-8.02%
1061,Color Platform,CLR,1386290,137230262,0.95%,1.24%,-21.00%
1063,MenaPay,MPAY,1374924,134137876,1.78%,4.83%,18.09%
1064,Ixinium,XXA,1369913,13163059,0.14%,-6.94%,-7.75%
1065,Uptrennd,1UP,1367055,262024319,0.96%,2.45%,-3.43%
1066,Antiample,XAMP,1364913,465929910,-0.65%,-5.21%,0.58%
1067,Primecoin,XPM,1357186,33702003,1.96%,17.73%,5.15%
1069,Peerplays,PPY,1350128,4501541,2.15%,16.24%,16.60%
1071,PotCoin,POT,1344373,224888095,1.84%,-10.44%,-4.93%
1072,Pylon Finance,PYLON,1328521,7759,1.32%,-0.63%,-1.82%
1074,IONChain,IONC,1324690,121180605,2.06%,2.94%,5.77%
1076,X-CASH,XCASH,1320588,59060476967,5.25%,-1.52%,-1.09%
1077,Content Neutrality Network,CNN,1314733,39035223816,4.36%,-13.68%,-20.60%
1078,Upfiring,UFR,1311913,24000000,-0.42%,2.07%,-14.70%
1079,CargoX,CXO,1303038,158218230,0.75%,-7.74%,-8.15%
1080,MultiVAC,MTV,1299498,3587369426,3.42%,15.95%,-7.56%
1081,VeriCoin,VRC,1296429,33118461,1.38%,0.93%,0.70%
1082,Global Rental Token,GRT,1295765,30000000000,1.85%,1038.94%,1027.18%
1083,I/O Coin,IOC,1290871,18465925,1.84%,1.53%,-3.71%
1084,ROAD,ROAD,1288512,79300570,-2.48%,-26.01%,-82.38%
1085,Xfinance,XFI,1284800,23772,-0.40%,-21.05%,-77.02%
1086,LGO Token,LGO,1282905,53985545,1.26%,-25.73%,1.11%
1087,DreamTeam Token,DREAM,1280476,36199902,1.50%,2.36%,2.89%
1088,Tendies,TEND,1277639,7906689,-0.11%,-4.45%,-32.92%
1089,Aventus,AVT,1275966,6000000,16.63%,12.42%,-4.07%
1090,Isiklar Coin,ISIKC,1279337,2356240,-0.45%,0.29%,18.23%
1092,Footballcoin,XFC,1272621,374660526,2.02%,2.02%,3.90%
1093,TurtleNetwork,TN,1264203,88335911,1.63%,-18.91%,-17.45%
1094,SnowGem,XSG,1256297,29300308,2.56%,9.79%,24.96%
